{
    "run_id": "uc7citjb",
    "config": {
        "nag_tau": 1.5871236889530929,
        "nag_alpha": 0.4205351581974396,
        "nag_scale": 4.1160896567934655
    },
    "pos_score": 1.9150641025641026,
    "neg_score": 1.858974358974359,
    "total_score": 1.8870192307692308
}